{
    "parent": "item/bow",
    "textures": {
        "layer0": "item/bow_pulling_1"
    },
	"overrides": [
		{ "predicate": { "custom_model_data": 1}, "model": "item/alyrias_plague_1" },
        { "predicate": { "custom_model_data": 20}, "model": "item/bowblade_pulling_1" },
        { "predicate": { "custom_model_data": 21}, "model": "item/bowblade_ice_pulling_1" },
        { "predicate": { "custom_model_data": 22}, "model": "item/bowblade_lightning_pulling_1" },
        { "predicate": { "custom_model_data": 23}, "model": "item/bowblade_poison_pulling_1" },
        { "predicate": { "custom_model_data": 24}, "model": "item/bowblade_chaos_pulling_1" },
        { "predicate": { "custom_model_data": 25}, "model": "item/bowblade_arcane_pulling_1" },
        { "predicate": { "custom_model_data": 26}, "model": "item/bowblade_holy_pulling_1" },
        { "predicate": { "custom_model_data": 30}, "model": "item/longbow_pulling_1" },
        { "predicate": { "custom_model_data": 31}, "model": "item/longbow_ice_pulling_1" },
        { "predicate": { "custom_model_data": 32}, "model": "item/longbow_lightning_pulling_1" },
        { "predicate": { "custom_model_data": 33}, "model": "item/longbow_poison_pulling_1" },
        { "predicate": { "custom_model_data": 34}, "model": "item/longbow_chaos_pulling_1" },
        { "predicate": { "custom_model_data": 35}, "model": "item/longbow_arcane_pulling_1" },
        { "predicate": { "custom_model_data": 36}, "model": "item/longbow_holy_pulling_1" },
        { "predicate": { "custom_model_data": 40}, "model": "item/shortbow_pulling_1" },
        { "predicate": { "custom_model_data": 41}, "model": "item/shortbow_ice_pulling_1" },
        { "predicate": { "custom_model_data": 42}, "model": "item/shortbow_lightning_pulling_1" },
        { "predicate": { "custom_model_data": 43}, "model": "item/shortbow_poison_pulling_1" },
        { "predicate": { "custom_model_data": 44}, "model": "item/shortbow_chaos_pulling_1" },
        { "predicate": { "custom_model_data": 45}, "model": "item/shortbow_arcane_pulling_1" },
        { "predicate": { "custom_model_data": 46}, "model": "item/shortbow_holy_pulling_1" },
        { "predicate": { "custom_model_data": 50}, "model": "item/siege_bow_pulling_1" },
        { "predicate": { "custom_model_data": 51}, "model": "item/siege_bow_ice_pulling_1" },
        { "predicate": { "custom_model_data": 52}, "model": "item/siege_bow_lightning_pulling_1" },
        { "predicate": { "custom_model_data": 53}, "model": "item/siege_bow_poison_pulling_1" },
        { "predicate": { "custom_model_data": 54}, "model": "item/siege_bow_chaos_pulling_1" },
        { "predicate": { "custom_model_data": 55}, "model": "item/siege_bow_arcane_pulling_1" },
        { "predicate": { "custom_model_data": 56}, "model": "item/siege_bow_holy_pulling_1" }
	]
}
