{
  "parent": "minecraft:item/handheld_rod",
  "textures": {
    "layer0": "minecraft:item/carrot_on_a_stick"},
"overrides": [
	{ "predicate": { "custom_model_data": 1}, "model": "item/searing_wand_uncharged" },
     { "predicate": { "custom_model_data": 2}, "model": "item/searing_wand_charged" },
     { "predicate": { "custom_model_data": 3}, "model": "item/teleport_wand_uncharged" },
     { "predicate": { "custom_model_data": 4}, "model": "item/teleport_wand_charged" },
	{ "predicate": { "custom_model_data": 5}, "model": "item/arctic_wand_uncharged" },
     { "predicate": { "custom_model_data": 6}, "model": "item/arctic_wand_charged" },
	{ "predicate": { "custom_model_data": 7}, "model": "item/reaping_wand_uncharged" },
     { "predicate": { "custom_model_data": 8}, "model": "item/reaping_wand_charged" },
     { "predicate": { "custom_model_data": 9}, "model": "item/blighted_branch_uncharged" },
     { "predicate": { "custom_model_data": 10}, "model": "item/blighted_branch_charged" },
	{ "predicate": { "custom_model_data": 11}, "model": "item/thunderfist_uncharged" },
     { "predicate": { "custom_model_data": 12}, "model": "item/thunderfist_charged" },
	{ "predicate": { "custom_model_data": 13}, "model": "item/void_scepter_uncharged" },
     { "predicate": { "custom_model_data": 14}, "model": "item/void_scepter_charged" },
     { "predicate": { "custom_model_data": 15}, "model": "item/corrosive_wand_uncharged" },
     { "predicate": { "custom_model_data": 16}, "model": "item/corrosive_wand_charged" },
	{ "predicate": { "custom_model_data": 17}, "model": "item/infernal_scepter_uncharged" },
     { "predicate": { "custom_model_data": 18}, "model": "item/infernal_scepter_charged" },
     { "predicate": { "custom_model_data": 19}, "model": "item/iceborne_scepter_uncharged" },
     { "predicate": { "custom_model_data": 20}, "model": "item/iceborne_scepter_charged" },
     { "predicate": { "custom_model_data": 21}, "model": "item/exalted_wand_uncharged" },
     { "predicate": { "custom_model_data": 22}, "model": "item/exalted_wand_charged" },
     { "predicate": { "custom_model_data": 23}, "model": "item/doomfist_uncharged" },
     { "predicate": { "custom_model_data": 24}, "model": "item/doomfist_charged" },
     { "predicate": { "custom_model_data": 25}, "model": "item/empowered_teleport_wand_uncharged" },
     { "predicate": { "custom_model_data": 26}, "model": "item/empowered_teleport_wand_charged" },
     { "predicate": { "custom_model_data": 27}, "model": "item/supreme_teleport_wand_uncharged" },
     { "predicate": { "custom_model_data": 28}, "model": "item/supreme_teleport_wand_charged" },
     { "predicate": { "custom_model_data": 30}, "model": "item/stone_axe" },
     { "predicate": { "custom_model_data": 31}, "model": "item/base_stone_axe_fire" },
     { "predicate": { "custom_model_data": 32}, "model": "item/base_stone_axe_ice" },
     { "predicate": { "custom_model_data": 33}, "model": "item/base_stone_axe_blood" },
     { "predicate": { "custom_model_data": 34}, "model": "item/base_stone_axe_lightning" },
     { "predicate": { "custom_model_data": 35}, "model": "item/base_stone_axe_chaos" },
     { "predicate": { "custom_model_data": 40}, "model": "item/broad_axe" },
     { "predicate": { "custom_model_data": 41}, "model": "item/broad_axe_fire" },
     { "predicate": { "custom_model_data": 42}, "model": "item/broad_axe_ice" },
     { "predicate": { "custom_model_data": 43}, "model": "item/broad_axe_blood" },
     { "predicate": { "custom_model_data": 44}, "model": "item/broad_axe_lightning" },
     { "predicate": { "custom_model_data": 45}, "model": "item/broad_axe_chaos" },
     { "predicate": { "custom_model_data": 50}, "model": "item/great_axe" },
     { "predicate": { "custom_model_data": 51}, "model": "item/great_axe_fire" },
     { "predicate": { "custom_model_data": 52}, "model": "item/great_axe_ice" },
     { "predicate": { "custom_model_data": 53}, "model": "item/great_axe_blood" },
     { "predicate": { "custom_model_data": 54}, "model": "item/great_axe_lightning" },
     { "predicate": { "custom_model_data": 55}, "model": "item/great_axe_chaos" },
     { "predicate": { "custom_model_data": 60}, "model": "item/obsidian_hatchet" },
     { "predicate": { "custom_model_data": 61}, "model": "item/obsidian_hatchet_fire" },
     { "predicate": { "custom_model_data": 62}, "model": "item/obsidian_hatchet_ice" },
     { "predicate": { "custom_model_data": 63}, "model": "item/obsidian_hatchet_blood" },
     { "predicate": { "custom_model_data": 64}, "model": "item/obsidian_hatchet_lightning" },
     { "predicate": { "custom_model_data": 65}, "model": "item/obsidian_hatchet_chaos" },
     { "predicate": { "custom_model_data": 70}, "model": "item/stone_cleaver" },
     { "predicate": { "custom_model_data": 71}, "model": "item/stone_cleaver_fire" },
     { "predicate": { "custom_model_data": 72}, "model": "item/stone_cleaver_ice" },
     { "predicate": { "custom_model_data": 73}, "model": "item/stone_cleaver_blood" },
     { "predicate": { "custom_model_data": 74}, "model": "item/stone_cleaver_lightning" },
     { "predicate": { "custom_model_data": 75}, "model": "item/stone_cleaver_chaos" },
     { "predicate": { "custom_model_data": 80}, "model": "item/tomahawk" },
     { "predicate": { "custom_model_data": 81}, "model": "item/tomahawk_fire" },
     { "predicate": { "custom_model_data": 82}, "model": "item/tomahawk_ice" },
     { "predicate": { "custom_model_data": 83}, "model": "item/tomahawk_blood" },
     { "predicate": { "custom_model_data": 84}, "model": "item/tomahawk_lightning" },
     { "predicate": { "custom_model_data": 85}, "model": "item/tomahawk_chaos" },
     { "predicate": { "custom_model_data": 90}, "model": "item/iron_axe" },
	{ "predicate": { "custom_model_data": 91}, "model": "item/base_iron_axe_fire" },
	{ "predicate": { "custom_model_data": 92}, "model": "item/base_iron_axe_ice" },
	{ "predicate": { "custom_model_data": 93}, "model": "item/base_iron_axe_blood" },
	{ "predicate": { "custom_model_data": 94}, "model": "item/base_iron_axe_lightning" },
	{ "predicate": { "custom_model_data": 95}, "model": "item/base_iron_axe_chaos" },
	{ "predicate": { "custom_model_data": 100}, "model": "item/battle_axe" },
	{ "predicate": { "custom_model_data": 101}, "model": "item/battle_axe_fire" },     
	{ "predicate": { "custom_model_data": 102}, "model": "item/battle_axe_ice" },
	{ "predicate": { "custom_model_data": 103}, "model": "item/battle_axe_blood" },
	{ "predicate": { "custom_model_data": 104}, "model": "item/battle_axe_lightning" },
	{ "predicate": { "custom_model_data": 105}, "model": "item/battle_axe_chaos" },
	{ "predicate": { "custom_model_data": 110}, "model": "item/halberd" },
	{ "predicate": { "custom_model_data": 111}, "model": "item/halberd_fire" },
	{ "predicate": { "custom_model_data": 112}, "model": "item/halberd_ice" },
	{ "predicate": { "custom_model_data": 113}, "model": "item/halberd_blood" },
	{ "predicate": { "custom_model_data": 114}, "model": "item/halberd_lightning" },
	{ "predicate": { "custom_model_data": 115}, "model": "item/halberd_chaos" },
	{ "predicate": { "custom_model_data": 120}, "model": "item/labrys" },
	{ "predicate": { "custom_model_data": 121}, "model": "item/labrys_fire" },
	{ "predicate": { "custom_model_data": 122}, "model": "item/labrys_ice" },
	{ "predicate": { "custom_model_data": 123}, "model": "item/labrys_blood" },
	{ "predicate": { "custom_model_data": 124}, "model": "item/labrys_lightning" },
	{ "predicate": { "custom_model_data": 125}, "model": "item/labrys_chaos" },
	{ "predicate": { "custom_model_data": 130}, "model": "item/ornate_axe" },
	{ "predicate": { "custom_model_data": 131}, "model": "item/ornate_axe_fire" },
	{ "predicate": { "custom_model_data": 132}, "model": "item/ornate_axe_ice" },
	{ "predicate": { "custom_model_data": 133}, "model": "item/ornate_axe_blood" },
	{ "predicate": { "custom_model_data": 134}, "model": "item/ornate_axe_lightning" },
	{ "predicate": { "custom_model_data": 135}, "model": "item/ornate_axe_chaos" },
	{ "predicate": { "custom_model_data": 140}, "model": "item/poleaxe" },
	{ "predicate": { "custom_model_data": 141}, "model": "item/poleaxe_fire" },
	{ "predicate": { "custom_model_data": 142}, "model": "item/poleaxe_ice" },
	{ "predicate": { "custom_model_data": 143}, "model": "item/poleaxe_blood" },
	{ "predicate": { "custom_model_data": 144}, "model": "item/poleaxe_lightning" },
	{ "predicate": { "custom_model_data": 145}, "model": "item/poleaxe_chaos" },
     { "predicate": { "custom_model_data": 150}, "model": "item/diamond_axe" },
     { "predicate": { "custom_model_data": 151}, "model": "item/base_diamond_axe_fire" },
     { "predicate": { "custom_model_data": 152}, "model": "item/base_diamond_axe_ice" },
     { "predicate": { "custom_model_data": 153}, "model": "item/base_diamond_axe_blood" },
     { "predicate": { "custom_model_data": 154}, "model": "item/base_diamond_axe_lightning" },
     { "predicate": { "custom_model_data": 155}, "model": "item/base_diamond_axe_chaos" },
     { "predicate": { "custom_model_data": 160}, "model": "item/diamond_cleaver" },
     { "predicate": { "custom_model_data": 161}, "model": "item/diamond_cleaver_fire" },
     { "predicate": { "custom_model_data": 162}, "model": "item/diamond_cleaver_ice" },
     { "predicate": { "custom_model_data": 163}, "model": "item/diamond_cleaver_blood" },
     { "predicate": { "custom_model_data": 164}, "model": "item/diamond_cleaver_lightning" },
     { "predicate": { "custom_model_data": 165}, "model": "item/diamond_cleaver_chaos" },
     { "predicate": { "custom_model_data": 170}, "model": "item/exalted_axe" },
     { "predicate": { "custom_model_data": 171}, "model": "item/exalted_axe_fire" },
     { "predicate": { "custom_model_data": 172}, "model": "item/exalted_axe_ice" },
     { "predicate": { "custom_model_data": 173}, "model": "item/exalted_axe_blood" },
     { "predicate": { "custom_model_data": 174}, "model": "item/exalted_axe_lightning" },
     { "predicate": { "custom_model_data": 175}, "model": "item/exalted_axe_chaos" },
     { "predicate": { "custom_model_data": 180}, "model": "item/executioner" },
     { "predicate": { "custom_model_data": 181}, "model": "item/executioner_fire" },
     { "predicate": { "custom_model_data": 182}, "model": "item/executioner_ice" },
     { "predicate": { "custom_model_data": 183}, "model": "item/executioner_blood" },
     { "predicate": { "custom_model_data": 184}, "model": "item/executioner_lightning" },
     { "predicate": { "custom_model_data": 185}, "model": "item/executioner_chaos" },
     { "predicate": { "custom_model_data": 190}, "model": "item/netherite_axe" },
     { "predicate": { "custom_model_data": 191}, "model": "item/base_netherite_axe_fire" },
     { "predicate": { "custom_model_data": 192}, "model": "item/base_netherite_axe_ice" },
     { "predicate": { "custom_model_data": 193}, "model": "item/base_netherite_axe_blood" },
     { "predicate": { "custom_model_data": 194}, "model": "item/base_netherite_axe_lightning" },
     { "predicate": { "custom_model_data": 195}, "model": "item/base_netherite_axe_chaos" },
     { "predicate": { "custom_model_data": 200}, "model": "item/black_razor" },
     { "predicate": { "custom_model_data": 201}, "model": "item/black_razor_fire" },
     { "predicate": { "custom_model_data": 202}, "model": "item/black_razor_ice" },
     { "predicate": { "custom_model_data": 203}, "model": "item/black_razor_blood" },
     { "predicate": { "custom_model_data": 204}, "model": "item/black_razor_lightning" },
     { "predicate": { "custom_model_data": 205}, "model": "item/black_razor_chaos" },
     { "predicate": { "custom_model_data": 210}, "model": "item/skullcrusher" },
     { "predicate": { "custom_model_data": 211}, "model": "item/skullcrusher_fire" },
     { "predicate": { "custom_model_data": 212}, "model": "item/skullcrusher_ice" },
     { "predicate": { "custom_model_data": 213}, "model": "item/skullcrusher_blood" },
     { "predicate": { "custom_model_data": 214}, "model": "item/skullcrusher_lightning" },
     { "predicate": { "custom_model_data": 215}, "model": "item/skullcrusher_chaos" },
     { "predicate": { "custom_model_data": 220}, "model": "item/behemoth" },
     { "predicate": { "custom_model_data": 221}, "model": "item/behemoth_fire" },
     { "predicate": { "custom_model_data": 222}, "model": "item/behemoth_ice" },
     { "predicate": { "custom_model_data": 223}, "model": "item/behemoth_blood" },
     { "predicate": { "custom_model_data": 224}, "model": "item/behemoth_lightning" },
     { "predicate": { "custom_model_data": 225}, "model": "item/behemoth_chaos" },
     { "predicate": { "custom_model_data": 230}, "model": "item/havoc" },
     { "predicate": { "custom_model_data": 231}, "model": "item/deathchill" },
     { "predicate": { "custom_model_data": 232}, "model": "item/crescent_moon" },
     { "predicate": { "custom_model_data": 233}, "model": "item/tyrants_verdict" },
     { "predicate": { "custom_model_data": 234}, "model": "item/eye_of_the_storm" },
     { "predicate": { "custom_model_data": 235}, "model": "item/winters_dawn" },
     { "predicate": { "custom_model_data": 236}, "model": "item/aris_torment" },
     { "predicate": { "custom_model_data": 237}, "model": "item/skysplitter" },
     { "predicate": { "custom_model_data": 238}, "model": "item/havoc_void" }
    ]
}