{
	"credit": "Made with Blockbench",
	"textures": {
		"0": "item/doomfist_charged",
		"particle": "item/doomfist_charged"
	},
	"elements": [
		{
			"from": [6, 0, 4],
			"to": [11, 5, 11],
			"rotation": {"angle": 0, "axis": "y", "origin": [18, 8, 18]},
			"faces": {
				"north": {"uv": [5, 11, 10, 16], "texture": "#0"},
				"east": {"uv": [10, 0, 5, 7], "rotation": 270, "texture": "#0"},
				"south": {"uv": [0, 11, 5, 16], "texture": "#0"},
				"west": {"uv": [5, 0, 10, 7], "rotation": 90, "texture": "#0"},
				"up": {"uv": [0, 0, 5, 7], "rotation": 180, "texture": "#0"},
				"down": {"uv": [10, 0, 15, 7], "texture": "#0"}
			}
		},
		{
			"from": [7, 5, 1],
			"to": [10, 5, 4],
			"rotation": {"angle": 0, "axis": "y", "origin": [17, 13, 9]},
			"faces": {
				"north": {"uv": [0, 0, 3, 0], "texture": "#missing"},
				"east": {"uv": [0, 0, 3, 0], "texture": "#missing"},
				"south": {"uv": [0, 0, 3, 0], "texture": "#missing"},
				"west": {"uv": [0, 0, 3, 0], "texture": "#missing"},
				"up": {"uv": [1, 7, 4, 10], "rotation": 180, "texture": "#0"},
				"down": {"uv": [13, 13, 16, 16], "texture": "#0"}
			}
		},
		{
			"from": [6, 0, 5],
			"to": [11, 5, 5],
			"rotation": {"angle": 0, "axis": "y", "origin": [17, 8, 12]},
			"faces": {
				"north": {"uv": [10, 1, 15, 6], "texture": "#0"},
				"east": {"uv": [0, 0, 0, 5], "texture": "#missing"},
				"south": {"uv": [0, 0, 5, 5], "texture": "#missing"},
				"west": {"uv": [0, 0, 0, 5], "texture": "#missing"},
				"up": {"uv": [0, 0, 5, 0], "texture": "#missing"},
				"down": {"uv": [0, 0, 5, 0], "texture": "#missing"}
			}
		}
	],
	"display": {
		"thirdperson_righthand": {
			"rotation": [0, -180, 90],
			"translation": [5.5, -2.75, 2],
			"scale": [1.01, 1.01, 1.01]
		},
		"thirdperson_lefthand": {
			"rotation": [-180, 0, -90],
			"translation": [5.5, -2.5, 2],
			"scale": [-1.01, 1.01, 1.01]
		},
		"firstperson_righthand": {
			"rotation": [31, 168, 18],
			"translation": [4, 4.75, 0],
			"scale": [1.25, 1.25, 1.25]
		},
		"firstperson_lefthand": {
			"rotation": [31, 168, 18],
			"translation": [4, 4.75, 0],
			"scale": [1.25, 1.25, 1.25]
		},
		"ground": {
			"translation": [0, 4, 0]
		},
		"gui": {
			"rotation": [23, 43, 7],
			"translation": [-0.5, 7.5, 0],
			"scale": [1.8, 1.8, 1.8]
		},
		"head": {
			"rotation": [0, -180, 0],
			"translation": [1.25, 15, 0],
			"scale": [2.71, 2.75, 2.51]
		},
		"fixed": {
			"rotation": [90, -45, 90],
			"translation": [-8, 6.75, -5.75],
			"scale": [2.09, 2.09, 2.09]
		}
	}
}