{
	"parent": "item/generated",
	"textures": {
		"1": "item/primal_bow_arcane",
		"layer0": "item/primal_bow_arcane",
		"particle": "item/primal_bow_arcane"
	},
	"display": {
		"thirdperson_righthand": {
			"rotation": [-80, 260, -40],
			"translation": [-1, -2, 3.5],
			"scale": [1.35, 1.35, 0.9]
		},
		"thirdperson_lefthand": {
			"rotation": [-80, -280, 40],
			"translation": [-1, -2, 3.5],
			"scale": [1.35, 1.35, 1.35]
		},
		"firstperson_righthand": {
			"rotation": [0, -90, 25],
			"translation": [1.13, 3.45, 1.13]
		},
		"firstperson_lefthand": {
			"rotation": [0, 90, -25],
			"translation": [1.13, 3.45, 1.13]
		},
		"ground": {
			"translation": [0, 4, 0]
		},
		"head": {
			"rotation": [-86, 125.75, -39.75],
			"translation": [0, -18, 1.5],
			"scale": [2.76, 2.76, 2.71]
		},
		"fixed": {
			"scale": [1.5, 1.5, 1]
		}
	},
	"overrides": [
        {
            "predicate": {
                "pulling": 1
            },
            "model": "item/primal_bow_arcane_pulling_0"
        },
        {
            "predicate": {
                "pulling": 1,
                "pull": 0.65
            },
            "model": "item/primal_bow_arcane_pulling_1"
        },
        {
            "predicate": {
                "pulling": 1,
                "pull": 0.9
            },
            "model": "item/primal_bow_arcane_pulling_2"
        }
    ]
}